listing_id,title,brand,price_raw,price_sgd,condition,likes_count,time_created,seller_username,seller_name,seller_url,url,thumbnail_url,photo_urls,description,scraped_at
1433897324,"Omega Speedmaster ""Racing Orange"" Two Counter Black Dial Ceramic Bezel Master Chronometer Chronograph Automatic Leather Strap  329.32.44.51.01.001 (February 2022)",omega speedmaster,"S$6,388",6388.0,Like new,44.0,,trackingtime,,https://www.carousell.sg/u/trackingtime/,https://www.carousell.sg/p/1433897324,https://media.karousell.com/media/photos/products/2026/4/23/omega_speedmaster_racing_orang_1776943628_2f9f0b07_progressive_thumbnail.jpg,https://media.karousell.com/media/photos/products/2026/4/23/omega_speedmaster_racing_orang_1776943628_2f9f0b07_progressive_thumbnail.jpg,"Dated February 2022 Mint Condition Omega Boutique Set
No dings dents or cuts!
100% Unpolished, from 1st Owner!
Omega fun refreshing new take on the two register sub-dial speedy made for racing!
Orange accents and hands on a matte black dial and ceramic bezel for extreme legibility!
Omega In-house Column Wheel Self-Winding Co-axial Master Chronometer Calibre 9900 (60 hours of power reserve and independent hour hand adjustment)

5 Years Omega Warranty till February 2027!
Retail Price - $13,400 SGD!
Full set i",2026-09-10 09:49:09
1453911304,🔥 99% NEW 2026 Omega Speedmaster “First Omega In Space” FOIS,omega speedmaster,"S$8,880",8880.0,Like new,42.0,,infinitytimepieces,,https://www.carousell.sg/u/infinitytimepieces/,https://www.carousell.sg/p/1453911304,https://media.karousell.com/media/photos/products/2026/8/5/_99_new_2026_omega_speedmaster_1785923693_7fbdf34f_progressive_thumbnail.jpg,https://media.karousell.com/media/photos/products/2026/8/5/_99_new_2026_omega_speedmaster_1785923693_7fbdf34f_progressive_thumbnail.jpg,"Hi all, for sale is a basically brand new Omega FOIS, ref. 310.30.40.50.06.001 

Only worn once, no visible scratches and definitely no dings or dents 🔥 One of my favourite Speedmasters, 39.7mm size is also perfect. Even comes with the new micro adjust clasp for daily wear convenience 

This piece comes with full set of box and papers from local boutique! 

Dated 2026, official Omega warranty still valid until 2031

Infinity Timepieces Pte Ltd (UEN 202601814Z) is an Acra registered and SPF licensed  secondh",2026-09-10 09:49:09
1458777424,Omega Speedmaster Tokyo Olympics 2020 Panda,omega speedmaster,"S$12,800",12800.0,Like new,3.0,,vinzili,Vin,https://www.carousell.sg/u/vinzili/,https://www.carousell.sg/p/1458777424,https://media.karousell.com/media/photos/products/2026/8/31/omega_speedmaster_tokyo_olympi_1788169457_29ea79cd_progressive_thumbnail.jpg,https://media.karousell.com/media/photos/products/2026/8/31/omega_speedmaster_tokyo_olympi_1788169457_29ea79cd_progressive_thumbnail.jpg,"Omega Speedmaster Tokyo Olympics 2020 Panda

Cond: 9.3/10 mint and little wear
Box interior have some tear due to age
Full set dated July 2019 
Selling price: $12,800

No trades

Will not respond to lowballers, best price or if item ia available.

Item listed means available

viewing and deal at 78 Loring Limau",2026-09-10 09:49:09
1460531941,Omega Speedmaster Silver Snoopy Award 50th Anniversary 310.32.42.50.02.001 • 2023 • 📦 & 📄,omega speedmaster,"S$18,988",18988.0,Lightly used,3.0,2026-09-09 03:35:25,timetells,,https://www.carousell.sg/u/timetells/,https://www.carousell.sg/p/1460531941,https://media.karousell.com/media/photos/products/2026/9/9/omega_speedmaster_silver_snoop_1788924924_2f4d0e29_progressive_thumbnail,https://media.karousell.com/media/photos/products/2026/9/9/omega_speedmaster_silver_snoop_1788924924_2f4d0e29_progressive_thumbnail,"Brand: Omega
Model: Speedmaster Silver Snoopy Award 50th Anniversary
Reference Number: 310.32.42.50.02.001
Year: 2023
Case Size: 42 mm
Case Material: Stainless Steel
Dial: Silver Dial with Blue Accents, Applied Hour Markers, Snoopy Medallion on Running Seconds at 9 o’clock, Chronograph Sub-dials, and Blue Tachymeter Bezel
Strap: Blue Nylon Fabric Strap with Stainless Steel Pin Buckle
Power Reserve: 50 Hours
Movement: Manual Wind (Calibre 3861)
Condition: 9/10

Description:
✅ Silver dial with bl",2026-09-10 09:49:09
1460527308,✨ Mid 2026 ✨ Omega Seamaster Diver 300m 42mm Blue Wave Dial Rubber Strap  210.32.42.20.03.001 Automatic Men watches ❌ 41mm Bracelet  212.30.41.20.03.001 black grey green white aqua terra speedmaster planet ocean Tudor Black Bay BB 58 39mm,omega speedmaster,"S$5,699",5699.0,Like new,0.0,2026-09-09 03:06:49,tagtime,Tagtime 🇸🇬,https://www.carousell.sg/u/tagtime/,https://www.carousell.sg/p/1460527308,https://media.karousell.com/media/photos/products/2026/9/9/_mid_2026__omega_seamaster_div_1788923209_ff20bafa_progressive_thumbnail.jpg,https://media.karousell.com/media/photos/products/2026/9/9/_mid_2026__omega_seamaster_div_1788923209_ff20bafa_progressive_thumbnail.jpg,"🔥 Big deals go fast — don’t miss out! 

Follow us on Tele gram (Tagtime SG) ,FB (Tagtime) ,IG (tagtimesg) for exclusive promos and discounts!

Full set box with cards, manual book
Will provide a used 3rd party bracelet (from code strap)  for versatile look when price is met
Like New Condition 
Cert Dated Mid 2026 with 5 year international warranty till Mid 2031
Automatic Movement 
Model no. 210.32.42.20.03.001

‼️Message us now 💬 Whilst Stock Last!! 

Terms & Conditions
-Cash, paynow and ibank transfer only",2026-09-10 09:49:09
1441056914,Omega Speedmaster Michael Schumacher Red Dial 3810.61.41 (1999) Full Set,omega speedmaster,"S$4,550",4550.0,Lightly used,19.0,,chronolegionaire,J C,https://www.carousell.sg/u/chronolegionaire/,https://www.carousell.sg/p/1441056914,https://media.karousell.com/media/photos/products/2026/5/31/omega_speedmaster_michael_schu_1780222275_c4304500_progressive_thumbnail.jpg,https://media.karousell.com/media/photos/products/2026/5/31/omega_speedmaster_michael_schu_1780222275_c4304500_progressive_thumbnail.jpg,"Selling my Omega Speedmaster Michael Schumacher Red Dial, reference 3810.61.41.
• Year 1999
• Full set with box and papers
• Original red dial
• Automatic chronograph movement
• Current fitted Omega red leather strap showing wear. But not to worry, the set comes with an ADDITIONAL brand new original red leather strap, bought from Omega boutique

A highly collectible Schumacher Speedmaster and one of the most iconic coloured-dial Speedmasters from the era. The vibrant red dial stands out from the usual black",2026-09-10 09:49:09
1460460865,Vintage Omega speedmaster mark 40,omega speedmaster,"S$4,200",4200.0,Lightly used,6.0,2026-09-08 13:58:56,watch-collection,Watch collection,https://www.carousell.sg/u/watch-collection/,https://www.carousell.sg/p/1460460865,https://media.karousell.com/media/photos/products/2026/9/8/vintage_omega_speedmaster_mark_1788875935_0591bfdd_progressive_thumbnail.jpg,https://media.karousell.com/media/photos/products/2026/9/8/vintage_omega_speedmaster_mark_1788875935_0591bfdd_progressive_thumbnail.jpg,"a classic 90""s Omega speedmaster mark 40 
triple calender  with colorful  
hands/dials
also known as Omega ""Michael Schumacher ""

ref 3520.50/3520.53
automatic caliber 1151
with triple calender function
24hours indicator
chronograph automatic 
size 39.5mm

price $4200
with Omega box",2026-09-10 09:49:09
1460435168,Omega Speedmaster FOIS First Omega In Space Numbered Edition 2020 FSOT,omega speedmaster,"S$5,500",5500.0,Lightly used,5.0,2026-09-08 11:42:21,nobel777,Ben,https://www.carousell.sg/u/nobel777/,https://www.carousell.sg/p/1460435168,https://media.karousell.com/media/photos/products/2026/9/8/omega_speedmaster_fois_first_o_1788867803_5110a596_progressive_thumbnail.jpg,https://media.karousell.com/media/photos/products/2026/9/8/omega_speedmaster_fois_first_o_1788867803_5110a596_progressive_thumbnail.jpg,"Omega Speedmaster FOIS Numbered Edition 2020
Reference 311.32.40.30.01.001
Size 39.7mm
Sapphire Crystal 
Both original leather strap (Brown) and new black leather strap worth 640SGD bought from Omega in 2025 (Receipt in last picture) 
Additional aftermarket strap as well by Forstner Bands worth 135USD, for the retro look 
Full original box and papers and receipt, with warranty card as well. Willing to send more photos, feel free to ask. Able to authenticate as well. 
Open to trades with IWC, Omega or Tudor.",2026-09-10 09:49:09
1460432143,JE-Omega Speedmaster 310.32.42.50.01 Professional Moonwatch Co-Axial Master Chronometer 42mm,omega speedmaster,"S$6,900",6900.0,Well used,3.0,2026-09-08 11:25:21,cashconverterssg_jeamk,Cash Converters Jurong East,https://www.carousell.sg/u/cashconverterssg_jeamk/,https://www.carousell.sg/p/1460432143,https://media.karousell.com/media/photos/products/2026/9/8/jeomega_speedmaster_3103242500_1788866721_7fc04752_progressive_thumbnail,https://media.karousell.com/media/photos/products/2026/9/8/jeomega_speedmaster_3103242500_1788866721_7fc04752_progressive_thumbnail,"JURONG EAST CASH CONVERTERS
MESSAGE US FOR THE AVAILABILITY OF THE ITEM

SKU: 1420014649685
Year: 2007
Included: Watch Only
🛒 To purchase online, please message us, and we'll provide you with the direct purchase link.

☎️Contact:6569 7085
🗺LOCATION: 135 Jurong Gateway Rd, #01-315, Singapore 600135 
🔛TIMING: OPEN DAILY from 11am to 9:00pm 

Sell your unwanted Goods for 💰""Cash""💵  
📱  💬  Wapp:6569 7085",2026-09-10 09:49:09
1460334953,Omega x Swatch Speedmaster 1969 Moonwatch Bioceramic,omega speedmaster,"S$6,900",6900.0,Brand new,10.0,2026-09-08 03:58:48,Roti.Canai,Gazza,https://www.carousell.sg/u/Roti.Canai/,https://www.carousell.sg/p/1460334953,https://media.karousell.com/media/photos/products/2026/9/8/omega_x_swatch_speedmaster_196_1788839928_bce0e50a_progressive_thumbnail.jpg,https://media.karousell.com/media/photos/products/2026/9/8/omega_x_swatch_speedmaster_196_1788839928_bce0e50a_progressive_thumbnail.jpg,"Selling a brand new, completely unworn Omega x Swatch MoonSwatch ""Mission to the Moon 1969"" (Ref: SSX01B700).

This is the ultimate grail of the entire MoonSwatch lineup and an instant holy grail for collectors. Unlike standard models, this was strictly limited to just 1,969 individually numbered pieces worldwide and only available via a highly competitive online lottery draw.what makes it incredibly collectible:Real 18K Moonshine Gold: The dial, hands, crown, and pushers are made from 11 grams of genuine 1",2026-09-10 09:49:09
1460260861,[BRAND NEW] Omega “Snoopy” Speedmaster,omega speedmaster,"S$19,000",19000.0,Brand new,1.0,2026-09-07 14:35:42,gamalielx,Ian,https://www.carousell.sg/u/gamalielx/,https://www.carousell.sg/p/1460260861,https://media.karousell.com/media/photos/products/2026/9/7/brand_new_omega_snoopy_speedma_1788791742_673e0743_progressive_thumbnail.jpg,https://media.karousell.com/media/photos/products/2026/9/7/brand_new_omega_snoopy_speedma_1788791742_673e0743_progressive_thumbnail.jpg,"- Brand new Omega Speedmaster 'Snoopy'  Anniversary Series  
- Box, Papers

Reference
310.32.42.50.02.001
Between lugs Open Case Measurement Modal
20 mm
Lug‑to‑lug Open Case Measurement Modal
47.50 mm
Thickness Open Case Measurement Modal
14.47 mm
Case diameter Open Case Measurement Modal
42 mm
Case
Steel
Dial colour
Silver
Crystal
Scratch‑resistant sapphire crystal with anti‑reflective treatment inside
Water resistance
5 bar (50 metres / 165 feet)
Total product weight (approx.)
90 g
Calibre
Omega 3861
Move",2026-09-10 09:49:09
1460260109,Omega Speedmaster Professional Speedy Tuesday “Ultraman” Limited Edition 42mm | Complete Set 2018,omega speedmaster,"S$13,850",13850.0,Lightly used,10.0,2026-09-07 14:32:00,thewatchlounge,Watch Lounge X WatchCollective,https://www.carousell.sg/u/thewatchlounge/,https://www.carousell.sg/p/1460260109,https://media.karousell.com/media/photos/products/2026/9/7/omega_speedmaster_professional_1788791520_c2f5eae5_progressive_thumbnail.jpg,https://media.karousell.com/media/photos/products/2026/9/7/omega_speedmaster_professional_1788791520_c2f5eae5_progressive_thumbnail.jpg,"We have temporarily moved to 16 Tannery Lane, #01-01, Crystal Time Building, Singapore 347778

Omega Speedmaster Professional Speedy Tuesday “Ultraman” Limited Edition 42mm | Complete Set 2018

Details:
• Model: Omega Speedmaster Professional Speedy Tuesday “Ultraman” Limited Edition (2,012 Pieces Worldwide) 42mm
• Reference: 311.12.42.30.01.001
• Movement: Manual Winding (48 hours)
• Case: Stainless Steel Case with Black Aluminium Bezel
• Strap/Bracelet: Leather Strap
• Condition: Lightly Used 
• Set: Comp",2026-09-10 09:49:09
1460227190,"Omega Speedmaster Date Panda 3211.31.00 – Full Set, Unworn Bracelet, Serviced",omega speedmaster,"S$3,488",3488.0,Lightly used,3.0,2026-09-07 11:51:12,creamcornclub,CreamCorn,https://www.carousell.sg/u/creamcornclub/,https://www.carousell.sg/p/1460227190,https://media.karousell.com/media/photos/products/2026/9/7/omega_speedmaster_date_panda_3_1788781872_0e09bb36_progressive_thumbnail.jpg,https://media.karousell.com/media/photos/products/2026/9/7/omega_speedmaster_date_panda_3_1788781872_0e09bb36_progressive_thumbnail.jpg," “Panda”, reference 3211.31.00.
A very attractive vintage Speedmaster Date with the classic silver dial, contrasting black sub-dials and tachymeter bezel.

This piece comes as a complete set, including the original box, papers and accessories. Please note that the original box has deteriorated with age, which is common for older Omega presentation boxes, but the original contents are still retained.

Condition / highlights:
• Watch is in very good overall condition
• Original stainless-steel bracelet is com",2026-09-10 09:49:09
1453132875,"Omega Speedmaster ""Silver Snoopy Award"" 50th Anniversary Chronograph 3861 Manual Winding Canvas Strap 310.32.42.50.02.001 (September 2025)",omega speedmaster,"S$17,988",17988.0,Brand new,42.0,,trackingtime,,https://www.carousell.sg/u/trackingtime/,https://www.carousell.sg/p/1453132875,https://media.karousell.com/media/photos/products/2026/8/1/omega_speedmaster_snoopy_silve_1785573616_de2b9734_progressive_thumbnail.jpg,https://media.karousell.com/media/photos/products/2026/8/1/omega_speedmaster_snoopy_silve_1785573616_de2b9734_progressive_thumbnail.jpg,"Dated September 2025 Brand New Omega Boutique Set.  
Unworn and unsized! Stickers Intact! 
Celebrating the 50th Anniversary of the Snoopy Silver Award given to NASA Astronauts for the recognition of the Apollo Mission.
Featuring a Opaline White Dial with Blue Sub Dials with the Snoopy NASA Logo at 9 o'clock with a Blue Ceramic Bezel.
Over on the caseback, its an mechanical animation with Snoopy in his CSM (Command & Service Module) flying over the Rotating Earth Disc!
Fitted with Omega Master Co-axial Manua",2026-09-10 09:49:09
1442887284,[05/2023] OMEGA SPEEDMASTER CHRONOSCOPE•43MM•SILVER DIAL•SILVER PANDA•(329.30.43.51.02.002),omega speedmaster,"S$6,788",6788.0,Lightly used,19.0,,chronoplug,,https://www.carousell.sg/u/chronoplug/,https://www.carousell.sg/p/1442887284,https://media.karousell.com/media/photos/products/2026/6/9/052023_omega_speedmaster_chron_1781018160_dea5fc0a_progressive_thumbnail.jpg,https://media.karousell.com/media/photos/products/2026/6/9/052023_omega_speedmaster_chron_1781018160_dea5fc0a_progressive_thumbnail.jpg,"✅ Brand & Model: Omega Speedmaster Chronoscope Co-Axial Master Chronometer
✅ Reference Number: 329.30.43.51.02.002
✅ Condition: Mint (No dings or dents)
✅ Case Size: 43mm stainless steel
✅ Thickness: 12.8mm
✅ Movement: Omega Co-Axial Master Chronometer Calibre 9908 (Manual-Winding Chronograph)
✅ Power Reserve: Approx. 60 hours
✅ Dial: Silver Dial with Black Chronograph Sub-dials
✅ Crystal: Box-Shaped Sapphire Crystal with Anti-Reflective Treatment
✅ Bezel: Stainless Steel Bezel with Black Tachymeter Scale
✅",2026-09-10 09:49:09
1460048364,OMEGA SPEEDMASTER “DARK SIDE OF THE MOON” 🌑,omega speedmaster,"S$10,500",10500.0,Like new,3.0,2026-09-06 13:04:36,jump3r,,https://www.carousell.sg/u/jump3r/,https://www.carousell.sg/p/1460048364,https://media.karousell.com/media/photos/products/2026/9/6/omega_speedmaster_dark_side_of_1788699875_92bb564e_progressive_thumbnail.jpg,https://media.karousell.com/media/photos/products/2026/9/6/omega_speedmaster_dark_side_of_1788699875_92bb564e_progressive_thumbnail.jpg,"For Sale — Iconic Omega Speedmaster Dark Side of the Moon.


✨ Model: Omega Speedmaster Dark Side of the Moon
⚫ Case: Black ceramic
⌚ Movement: Automatic / Co-Axial
📏 Size: 44.25mm
📦 Condition: Excellent / well maintained
📄 Full set: Box & papers included
🛡️ Warranty: Please refer to warranty card / details
🔍 Authenticity: Genuine Omega


A highly recognisable Speedmaster with its distinctive all-black ceramic design. A great piece for collectors and enthusiasts looking for something sporty, modern and uniq",2026-09-10 09:49:09
1460012597,"Brand New Omega Speedmaster Moonwatch ""Reverse Panda"" 310.30.42.50.01.004 Black Dial Winding Steel Casing Bracelet ( Aug 26 )",omega speedmaster,"S$12,450",12450.0,Brand new,14.0,2026-09-06 09:51:22,brightime,Brightime By Championtime,https://www.carousell.sg/u/brightime/,https://www.carousell.sg/p/1460012597,https://media.karousell.com/media/photos/products/2026/9/6/brand_new_omega_speedmaster_mo_1788688282_01ebe5e4_progressive_thumbnail.jpg,https://media.karousell.com/media/photos/products/2026/9/6/brand_new_omega_speedmaster_mo_1788688282_01ebe5e4_progressive_thumbnail.jpg,"Brand New Omega Speedmaster Moonwatch “Reverse Panda” 310.30.42.50.01.004 Black Dial Winding Steel Casing Bracelet ( Aug 26 )

** Brand New **

Model : 310.30.42.50.01.004
Also known as : Speedmaster Professional Moonwatch ""Reverse Panda""
Case size : 42mm
Dial : Black Dial With Luminous Baton Numerals Index & Sub Chrono Dials
Case metal : Stainless Steel
Clasp/ Buckle Type : Steel Folding Clasp With Glide Lock
Case back : Exhibition
Bezel : Stainless Steel With Black Insert
Strap/Bracelet : Stainless Steel
",2026-09-10 09:49:09
1460006575,Omega Speedmaster Apollo 8,omega speedmaster,"S$15,500",15500.0,Like new,5.0,2026-09-06 09:20:25,mrpanadol,MrPanadol,https://www.carousell.sg/u/mrpanadol/,https://www.carousell.sg/p/1460006575,https://media.karousell.com/media/photos/products/2026/9/7/omega_speedmaster_apollo_8_1788749736_20292793_progressive_thumbnail.jpg,https://media.karousell.com/media/photos/products/2026/9/7/omega_speedmaster_apollo_8_1788749736_20292793_progressive_thumbnail.jpg,"- Omega Speedmaster Apollo 8
- Comes with original box
- Includes warranty cards
- Black dial with yellow accents
- Black leather strap with yellow stitching
-Condition 9/10
-no chip, no scratch , no dent",2026-09-10 09:49:09
1459968251,SgWatchHub! Omega Speedmaster Fois First Omega in Space Numbered Edition,omega speedmaster,"S$4,980",4980.0,Lightly used,5.0,2026-09-06 06:16:05,sg-watch-hub,SgWatchHub,https://www.carousell.sg/u/sg-watch-hub/,https://www.carousell.sg/p/1459968251,https://media.karousell.com/media/photos/products/2026/9/6/sgwatchhub_omega_speedmaster_f_1788675364_8a527e6c_progressive_thumbnail.jpg,https://media.karousell.com/media/photos/products/2026/9/6/sgwatchhub_omega_speedmaster_f_1788675364_8a527e6c_progressive_thumbnail.jpg,"Discover sgwatchhub.sg — the smart way to manage everything about your watch, all in one place.

From finding your next timepiece to getting expert care for the one you love, SgWatchHub connects you to watch specialists, competitive prices, and essential services — without the hassle. Built for collectors, enthusiasts, and everyday watch lovers.

What you’ll find at SgWatchHub:
⌚ Buy & sell new or pre-owned watches
🛠 Professional repair & servicing
🔍 Trusted authentication services
✨ Polishing, protective f",2026-09-10 09:49:09
1459853148,Omega Speedmaster Professional Moonwatch Speedy Tuesday Ultraman 311.12.42.30.01.001,omega speedmaster,"S$15,500",15500.0,Like new,10.0,2026-09-05 15:25:24,shootingtime,Shootingtime,https://www.carousell.sg/u/shootingtime/,https://www.carousell.sg/p/1459853148,https://media.karousell.com/media/photos/products/2026/9/5/omega_speedmaster_professional_1788621924_fd7916f2_progressive_thumbnail.jpg,https://media.karousell.com/media/photos/products/2026/9/5/omega_speedmaster_professional_1788621924_fd7916f2_progressive_thumbnail.jpg,"Brand : Omega
Name : Speedmaster Professional Moonwatch aka Speedy Tuesday Ultraman limited edition
Model : 311.12.42.30.01.001
Size : 42mm (speedys wear like size 40mm)
Material : Stainless Steel
Year  : 2018 
Condition : Like new
Remarks : Full set with with box and papers

Discontinued, limited edition (Speedy Tuesday)  release in 2018 with only 2012 pcs worldwide. Collectors' must have. immaculate condition. 

if listing is up means watch is available",2026-09-10 09:49:09
1447988862,Omega Speedmaster Professional Moonwatch Sapphire sandwich 3861,omega speedmaster,"S$7,499",7499.0,Like new,19.0,2026-09-05 14:16:40,jhsellingstuff,Jh,https://www.carousell.sg/u/jhsellingstuff/,https://www.carousell.sg/p/1447988862,https://media.karousell.com/media/photos/products/2026/7/6/omega_speedmaster_professional_1783334056_70a6fb2f_progressive_thumbnail.jpg,https://media.karousell.com/media/photos/products/2026/7/6/omega_speedmaster_professional_1783334056_70a6fb2f_progressive_thumbnail.jpg,"Omega Speedmaster Professional Moonwatch
✅ Latest 3861 movement
✅ Sapphire sandwich
✅ Superb condition (2023 purchase)",2026-09-10 09:49:09
1459790597,Omega Speedmaster '57 Trilogy 60th Anniversary,omega speedmaster,"S$8,888",8888.0,Like new,0.0,2026-09-05 09:44:19,beary555,,https://www.carousell.sg/u/beary555/,https://www.carousell.sg/p/1459790597,https://media.karousell.com/media/photos/products/2026/9/5/omega_speedmaster_57_trilogy_6_1788601459_c214b829_progressive_thumbnail.jpg,https://media.karousell.com/media/photos/products/2026/9/5/omega_speedmaster_57_trilogy_6_1788601459_c214b829_progressive_thumbnail.jpg,"- Omega Speedmaster '57
- Part of the iconic 1957 Trilogy
- 38.6mm stainless steel case and bracelet
- Complete set
- 
",2026-09-10 09:49:09
1459779886,JAN 2025 OMEGA SPEEDMASTER PILOT BRACELET 332.10.41.51.01.002 33210415101002,omega speedmaster,"S$8,999",8999.0,Lightly used,17.0,2026-09-05 08:49:26,rollieinthedeep,ROLLIEINTHEDEEP,https://www.carousell.sg/u/rollieinthedeep/,https://www.carousell.sg/p/1459779886,https://media.karousell.com/media/photos/products/2026/9/5/jan_2025_omega_speedmaster_pil_1788598468_496cb01b_progressive_thumbnail.jpg,https://media.karousell.com/media/photos/products/2026/9/5/jan_2025_omega_speedmaster_pil_1788598468_496cb01b_progressive_thumbnail.jpg,"Great news, our shop is now open!
📍 Visit us at: HEXACUBE 160 Changi Road #02-02 Singapore 419728 
🕒 Opening Hours: Monday – Saturday | 12:00 PM – 6:00 PM 
Appointments preferred. Please text us before dropping by.

🌐  www.rollieinthedeep.com
THE DEEP STANDARDS
Buy with confidence: 

• Trusted by 1600+ satisfied buyers in Singapore
• Established Singapore-based dealer
• 100% authenticity guarantee
• Backed by a 6-month in-house warranty
• Competitive buy-back options for future trades

JAN 2025 OMEGA SPEEDM",2026-09-10 09:49:09
1459748618,OCT 2024 OMEGA SPEEDMASTER FIRST OMEGA IN SPACE FOIS BRACELET 310.30.40.50.06.001 31030405006001,omega speedmaster,"S$8,799",8799.0,Lightly used,11.0,2026-09-05 06:19:02,rollieinthedeep,ROLLIEINTHEDEEP,https://www.carousell.sg/u/rollieinthedeep/,https://www.carousell.sg/p/1459748618,https://media.karousell.com/media/photos/products/2026/9/5/oct_2024_omega_speedmaster_fir_1788589142_0413ffc7_progressive_thumbnail.jpg,https://media.karousell.com/media/photos/products/2026/9/5/oct_2024_omega_speedmaster_fir_1788589142_0413ffc7_progressive_thumbnail.jpg,"Great news, our shop is now open!
📍 Visit us at: HEXACUBE 160 Changi Road #02-02 Singapore 419728 
🕒 Opening Hours: Monday – Saturday | 12:00 PM – 6:00 PM 
Appointments preferred. Please text us before dropping by.

🌐  www.rollieinthedeep.com
THE DEEP STANDARDS
Buy with confidence: 

• Trusted by 1600+ satisfied buyers in Singapore
• Established Singapore-based dealer
• 100% authenticity guarantee
• Backed by a 6-month in-house warranty
• Competitive buy-back options for future trades

OCT 2024 OMEGA SPEEDM",2026-09-10 09:49:09
1458932204,Pre Owned 12/2024 Omega Speedmaster First Omega In Space “ FOIS “ 310.30.40.50.06.001,omega speedmaster,"S$8,650",8650.0,Lightly used,13.0,,worthytime,WorthyTime,https://www.carousell.sg/u/worthytime/,https://www.carousell.sg/p/1458932204,https://media.karousell.com/media/photos/products/2026/9/1/pre_owned_122024_omega_speedma_1788240028_70a00898_progressive_thumbnail.jpg,https://media.karousell.com/media/photos/products/2026/9/1/pre_owned_122024_omega_speedma_1788240028_70a00898_progressive_thumbnail.jpg,"🫵Join our Tele-gram channel for latest updates: worthytime.biz/tele

➡️Omega Speedmaster First Omega In Space “ FOIS “ 310.30.40.50.06.001
➡️December 2024 (5 Years Rolex International Warranty Till 12/2029)
➡️Very Mint Condition (Unpolished)
➡️Full Complete Set
➡️Diameter: 39.7 mm
➡️Original Purchase Receipt Will Be Given

💰Retail Price: $11450

✅Trade Up/Down Welcome
✅Viewing Welcome With No Obligation 
✅No Reservation Unless With Agreed Deposit

💵 Cash / Paynow / Bank Transfer / Card Payment / DBS Instalm",2026-09-10 09:49:09
1459654261,Omega Speedmaster Sapphire 3861 Master Chronometer Moonwatch,omega speedmaster,"S$6,590",6590.0,Like new,15.0,2026-09-04 16:27:48,timecalibre,Time Calibre 🇸🇬,https://www.carousell.sg/u/timecalibre/,https://www.carousell.sg/p/1459654261,https://media.karousell.com/media/photos/products/2026/9/4/omega_speedmaster_sapphire_386_1788539401_90c7f6c1_progressive_thumbnail.jpg,https://media.karousell.com/media/photos/products/2026/9/4/omega_speedmaster_sapphire_386_1788539401_90c7f6c1_progressive_thumbnail.jpg,"- Comes with all 3 warranty cards, Local AD receipt, Full Links (No box, reflected in price)
- Condition: Like New!!
- Date: Dec 2021
- Warranty: till Dec 2026 (Covered under 5 years Omega international warranty)
- REF: 310.30.42.50.01.002 (Sapphire version)
- Self collect/viewing at Punggol",2026-09-10 09:49:09
1459590419,Omega SpeedMaster Reverse Panda Ceramic Bezel MoonWatch 310.30.42.50.01.004,omega speedmaster,"S$12,600",12600.0,Brand new,14.0,2026-09-04 10:17:52,hour_boutique,Eric Li,https://www.carousell.sg/u/hour_boutique/,https://www.carousell.sg/p/1459590419,https://media.karousell.com/media/photos/products/2026/9/4/omega_speedmaster_reverse_pand_1788517072_7c5c298a_progressive_thumbnail.jpg,https://media.karousell.com/media/photos/products/2026/9/4/omega_speedmaster_reverse_pand_1788517072_7c5c298a_progressive_thumbnail.jpg,"* We Have a Physical Watch Retail Shop *
* All Products are Brand New in Box * 
* 5YRS INTERNATIONAL WARRANTY *

Brand New with Tags and Complete Set

Diameter 42mm
Our Price $12,600

- SWISS MADE
- OMEGA CAL 3861
- MASTER CHRONOMETER CERTIFIED
- SAPPHIRE CRYSTAL

Hour Boutique
3 Coleman Street
Peninsula Shopping Centre
#01-03
Singapore 179804

Payment By
Visa, Masters, Amex, Nets, Cash

About Us
- We are Established in 2009 , a Purely Watch Retail Shop that does repairs & Battery Re",2026-09-10 09:49:09
1459585295,Brand New Omega SpeedMaster 38 Opaline Dial Automatic Chronograph Watch 324.30.38.50.02.001,omega speedmaster,"S$6,680",6680.0,Brand new,14.0,2026-09-04 09:46:35,hour_boutique,Eric Li,https://www.carousell.sg/u/hour_boutique/,https://www.carousell.sg/p/1459585295,https://media.karousell.com/media/photos/products/2026/9/4/brand_new_omega_speedmaster_38_1788515194_54034c74_progressive_thumbnail.jpg,https://media.karousell.com/media/photos/products/2026/9/4/brand_new_omega_speedmaster_38_1788515194_54034c74_progressive_thumbnail.jpg,"* We Have a Physical Watch Retail Shop *
* All Products are Brand New in Box * 
* 5YRS INTERNATIONAL WARRANTY *

Brand New with Tags and Complete Set

Diameter 38mm
RRP $8100
Our Price $6680

- SWISS MADE
- OMEGA CAL 3330
- CHRONOMETER CERTIFIED
- SAPPHIRE CRYSTAL

Hour Boutique
3 Coleman Street
Peninsula Shopping Centre
#01-03
Singapore 179804

Payment By
Visa, Masters, Amex, Nets, Cash

About Us
- We are Established in 2009 , a Purely Watch Retail Shop that does repairs & Battery ",2026-09-10 09:49:09
1457690775,Omega Speedmaster Fois First Omega in Space Numbered Edition,omega speedmaster,"S$4,980",4980.0,Lightly used,49.0,,boxandpapers,Boxandpapers,https://www.carousell.sg/u/boxandpapers/,https://www.carousell.sg/p/1457690775,https://media.karousell.com/media/photos/products/2026/8/25/omega_speedmaster_fois_first_o_1787685756_76fbe953_progressive_thumbnail.jpg,https://media.karousell.com/media/photos/products/2026/8/25/omega_speedmaster_fois_first_o_1787685756_76fbe953_progressive_thumbnail.jpg,"Omega Speedmaster FOIS
Reference 311.32.40.30.01.001
Size 39.7mm

Sapphire Crystal

🎁 With Warranty Card
✅ Dated - Undated

Lightly Used Condition

One of the earliest batches

NO BOX",2026-09-10 09:49:09
1459422017,"SgWatchHub! New 2026 Omega Speedmaster Moonwatch 31032425001002 310.32.42.50.01.002 Black Dial, Leather Strap",omega speedmaster,"S$8,134",8134.0,Brand new,2.0,2026-09-03 13:49:08,sg-watch-hub,SgWatchHub,https://www.carousell.sg/u/sg-watch-hub/,https://www.carousell.sg/p/1459422017,https://media.karousell.com/media/photos/products/2026/9/3/sgwatchhub_new_2026_omega_spee_1788443347_7b0760ba_progressive_thumbnail.jpg,https://media.karousell.com/media/photos/products/2026/9/3/sgwatchhub_new_2026_omega_spee_1788443347_7b0760ba_progressive_thumbnail.jpg,"Discover sgwatchhub.sg — the smart way to manage everything about your watch, all in one place.

From finding your next timepiece to getting expert care for the one you love, SgWatchHub connects you to watch specialists, competitive prices, and essential services — without the hassle. Built for collectors, enthusiasts, and everyday watch lovers.

What you’ll find at SgWatchHub:
⌚ Buy & sell new or pre-owned watches
🛠 Professional repair & servicing
🔍 Trusted authentication services
✨ Polishing, protective f",2026-09-10 09:49:09
1459239186,Omega x Swatch Speedmaster Moonwatch Mission to the Moon 1969,omega speedmaster,"S$8,000",8000.0,Brand new,14.0,2026-09-02 15:03:45,chloe_b85,Chloe,https://www.carousell.sg/u/chloe_b85/,https://www.carousell.sg/p/1459239186,https://media.karousell.com/media/photos/products/2026/9/2/omega_x_swatch_speedmaster_moo_1788361425_2b42e2cb_progressive_thumbnail.jpg,https://media.karousell.com/media/photos/products/2026/9/2/omega_x_swatch_speedmaster_moo_1788361425_2b42e2cb_progressive_thumbnail.jpg,"Limited Edition Omega x Swatch Speedmaster Moonwatch Mission to the Moon 1969 

Full set original box and papers

Open to negotiation but please no low ballers 🙏🏻🙏🏻

",2026-09-10 09:49:09
1459236020,[WATCH ONLY] Pre Owned Omega Speedmaster MOP Dial Factory-Set Diamond Bezel 3815.70.56,omega speedmaster,"S$3,350",3350.0,Lightly used,12.0,2026-09-02 14:46:51,worthytime,WorthyTime,https://www.carousell.sg/u/worthytime/,https://www.carousell.sg/p/1459236020,https://media.karousell.com/media/photos/products/2026/9/2/watch_only_pre_owned_omega_spe_1788360411_ebdb9e9f_progressive_thumbnail.jpg,https://media.karousell.com/media/photos/products/2026/9/2/watch_only_pre_owned_omega_spe_1788360411_ebdb9e9f_progressive_thumbnail.jpg,"🫵Join our Tele-gram channel for latest updates: worthytime.biz/tele

➡️Omega Speedmaster MOP Dial Factory-Set Diamond Bezel 3815.70.56
➡️1 Year In-House Warranty
➡️Very Mint Condition
➡️Watch Only (AM leather Strap, Original Buckle)

✅Trade Up/Down Welcome
✅Viewing Welcome With No Obligation 
✅No Reservation Unless With Agreed Deposit

💵 Cash / Paynow / Bank Transfer / Card Payment / DBS Instalment Plan

💳One Time Card Payment @ 3%
💳DBS Instalment Plan Minimum 10k (3 & 6 Months @ 3.5% / 12 Months @ 4%)

🚨Li",2026-09-10 09:49:09
1459191765,Omega Speedmaster Professional Moon to Mars,omega speedmaster,"S$7,100",7100.0,Lightly used,14.0,2026-09-02 10:46:46,slee63,S,https://www.carousell.sg/u/slee63/,https://www.carousell.sg/p/1459191765,https://media.karousell.com/media/photos/products/2026/9/2/omega_speedmaster_professional_1788346157_dd292a93_progressive_thumbnail.jpg,https://media.karousell.com/media/photos/products/2026/9/2/omega_speedmaster_professional_1788346157_dd292a93_progressive_thumbnail.jpg,"Omega Speedmaster Moon to Mars

Double box
Manual
Warranty card (no pictogram)
Watch with bracelet
Swatch Group authentication receipt ",2026-09-10 09:49:09
1459181247,"New 2026 Omega Speedmaster Moonwatch 31032425001002 310.32.42.50.01.002 Black Dial, Leather Strap",omega speedmaster,"S$8,134",8134.0,Brand new,6.0,2026-09-02 09:42:56,luxehouze,Luxehouze,https://www.carousell.sg/u/luxehouze/,https://www.carousell.sg/p/1459181247,https://media.karousell.com/media/photos/products/2026/9/6/new_2026_omega_speedmaster_moo_1788711712_7b90fcd5_progressive_thumbnail,https://media.karousell.com/media/photos/products/2026/9/6/new_2026_omega_speedmaster_moo_1788711712_7b90fcd5_progressive_thumbnail,"Luxehouze is your trusted marketplace to buy and sell luxury goods.

Luxehouze SG Pte Ltd is a licensed luxury goods marketplace and regulated dealer.

WHY US?
100% Authentic with Money-Back Guarantee
Best Price Program*
Curated Collection
* T&Cs apply.

OUR SERVICES
• Watch Purchase - Shop your next watch with confidence.
• LuxeSource - Rare or sought-after, let us help you find the watch you desire.
• Direct Selling - Sell your watch fast and enjoy the instant payment.
• Consignment - Enjoy ",2026-09-10 09:49:09
1459122730,Brand New 2026/03 Omega Speedmaster Snoopy ‘Silver Snoopy Award’ 310.32.42.50.02.001 (CLB0023A),omega speedmaster,"S$18,550",18550.0,Brand new,10.0,2026-09-02 04:14:31,casavonaluxury_official,Casavona Luxury Pte Ltd,https://www.carousell.sg/u/casavonaluxury_official/,https://www.carousell.sg/p/1459122730,https://media.karousell.com/media/photos/products/2026/9/2/brand_new_202603_omega_speedma_1788322471_fdcfb8b9_progressive_thumbnail,https://media.karousell.com/media/photos/products/2026/9/2/brand_new_202603_omega_speedma_1788322471_fdcfb8b9_progressive_thumbnail,"Brand: Omega
Model: 310.32.42.50.02.001
Condition: Brand New
Dial: Silver & Blue Case
Diameter: 42 mm
Material: Stainless Steel
Original box: Yes
Original cert/papers: Yes
Dated: 2026/03
Warranty: 5 Years International Warranty till 2031/03
Remarks: Full Set

━━━━━━━━ ˖᯽˖ ━━━━━━━━

📍 Shop Location:
101 Upper Cross Street #01-36 People’s Park Centre Singapore 058357

🕚 Business Hours:
Sunday – Friday | 11:00 AM – 7:00 PM

🌐 Explore Our Collection Online:
//casavonaluxury.com

Should yo",2026-09-10 09:49:09
1459122139,Brand New 2026/03 Omega Speedmaster Snoopy ‘Silver Snoopy Award’ 310.32.42.50.02.001 (CLC1001),omega speedmaster,"S$18,550",18550.0,Brand new,4.0,2026-09-02 04:10:54,casavonaluxury_official,Casavona Luxury Pte Ltd,https://www.carousell.sg/u/casavonaluxury_official/,https://www.carousell.sg/p/1459122139,https://media.karousell.com/media/photos/products/2026/9/2/brand_new_202603_omega_speedma_1788322253_dd3e6055_progressive_thumbnail,https://media.karousell.com/media/photos/products/2026/9/2/brand_new_202603_omega_speedma_1788322253_dd3e6055_progressive_thumbnail,"Brand: Omega
Model: 310.32.42.50.02.001
Condition: Brand New
Dial: Silver & Blue
Case Diameter: 42 mm
Material: Stainless Steel
Original box: Yes
Original cert/papers: Yes
Dated: 2026/03
Warranty: 5 Years International Warranty till 2031/03
Remarks: Full Set

━━━━━━━━ ˖᯽˖ ━━━━━━━━

📍 Shop Location:
101 Upper Cross Street #01-36 People’s Park Centre Singapore 058357

🕚 Business Hours:
Sunday – Friday | 11:00 AM – 7:00 PM

🌐 Explore Our Collection Online:
//casavonaluxury.com

Should yo",2026-09-10 09:49:09
1459119036,"Brand New 2026/08 Omega Speedmaster - 310.32.42.50.02.001 Snoopy ""Silver Snoopy Award""",omega speedmaster,"S$18,800",18800.0,Brand new,5.0,2026-09-02 03:52:34,watch_playboy,Watch Playboy,https://www.carousell.sg/u/watch_playboy/,https://www.carousell.sg/p/1459119036,https://media.karousell.com/media/photos/products/2026/9/2/brand_new_202608_omega_speedma_1788321153_89106604_progressive_thumbnail,https://media.karousell.com/media/photos/products/2026/9/2/brand_new_202608_omega_speedma_1788321153_89106604_progressive_thumbnail,"Brand: Omega 
Model: 310.32.42.50.02.001 Omega Speedmaster
Condition: Brand New
Dial: Silver & Blue
Case Diameter: 42 mm
Material: Stainless Steel
Original box: Yes
Original cert/papers: Yes (With Beige Tag)
Dated: 2026/08
Warranty: 5 Years International Warranty from Original Date of Purchase from OMEGA

━━━━━━━━⊱⋆⊰━━━━━━━━

📍   Shop Location:
1 Park Road, #02-109 People's Park Complex, Singapore 059108                         

🕚   Operating Hours: 
Sunday - Friday | 11:00 AM – 7:00 PM 
",2026-09-10 09:49:09
1437581993,Omega Speedmaster MKII Vintage 145.014,omega speedmaster,"S$3,698",3698.0,Lightly used,34.0,,arriachan,Arch,https://www.carousell.sg/u/arriachan/,https://www.carousell.sg/p/1437581993,https://media.karousell.com/media/photos/products/2026/5/13/omega_speedmaster_mkii_vintage_1778631039_812691ef_progressive_thumbnail.jpg,https://media.karousell.com/media/photos/products/2026/5/13/omega_speedmaster_mkii_vintage_1778631039_812691ef_progressive_thumbnail.jpg,All ears to reasonable offers.  Omega Speedmaster MKII Vintage 145.014.  I had the watch serviced by a USA Jeweller in 2018.  watch is running smooth keeps great time.  Chrono starts stops resets.  No Issues. Nice Patina forming o the hands.   Full Link Bracelet comes with spare links.  currently sized to fit 17-18cm wrist.  Anything pls ask. Thanks for Viewing.  Grab Express same day delivery available.,2026-09-10 09:49:09
1458991151,Brand New 2026/08 Omega Speedmaster Snoopy 'Silver Snoopy Award' 310.32.42.50.02.001 (CLC1004),omega speedmaster,"S$18,800",18800.0,Brand new,4.0,2026-09-01 10:51:54,casavonaluxury_official,Casavona Luxury Pte Ltd,https://www.carousell.sg/u/casavonaluxury_official/,https://www.carousell.sg/p/1458991151,https://media.karousell.com/media/photos/products/2026/9/1/brand_new_202608_omega_speedma_1788259914_f7dc967b_progressive_thumbnail,https://media.karousell.com/media/photos/products/2026/9/1/brand_new_202608_omega_speedma_1788259914_f7dc967b_progressive_thumbnail,"Brand: Omega 
Model: 310.32.42.50.02.001
Condition: Brand New
Dial: Silver & Blue
Case Diameter: 42 mm
Material: Stainless Steel
Original box: Yes
Original cert/papers: Yes 
Dated: 2026/08
Warranty: 5 Years International Warranty till 2031/08
Remarks: Full Set with Beige Tag

━━━━━━━━ ˖᯽˖ ━━━━━━━━

📍 Shop Location:
101 Upper Cross Street #01-36 People’s Park Centre Singapore 058357                     

🕚 Business Hours: 
Sunday - Friday | 11:00 AM – 7:00 PM 

🌐 Explore Our Collection On",2026-09-10 09:49:09
1442596136,Almost New December 2025 Omega Speedmaster Moonwatch Professional 42 Black Leather 310.32.42.50.01.002 Speedmaster Black,omega speedmaster,"S$7,950",7950.0,Like new,32.0,,houseofwatches.sg,House of Watches Singapore,https://www.carousell.sg/u/houseofwatches.sg/,https://www.carousell.sg/p/1442596136,https://media.karousell.com/media/photos/products/2026/6/8/almost_new_december_2025_omega_1780901755_76e6882d_progressive_thumbnail,https://media.karousell.com/media/photos/products/2026/6/8/almost_new_december_2025_omega_1780901755_76e6882d_progressive_thumbnail,"Stay connected with House of Watches! 

Almost New December 2025 Omega Speedmaster Moonwatch Professional 42 Black Leather 310.32.42.50.01.002

Our Price: $7,950

SKU: HS23790
Brand: Omega
Reference: 310.32.42.50.01.002
Condition: Almost New
Dated: December 2025
Dial: Black
Material: Stainless Steel
Case Diameter: 42mm
Bracelet Type: Leather Strap
Bezel: Aluminium
Original Box: Yes
Original Warranty Cert/ Card: Yes
Additional Details: Complete Full Set, Without Leather Holder and Instruction Booklet, Comes ",2026-09-10 09:49:09
0,ap_promo_luxury,omega speedmaster,,,Unknown,,,,,,https://www.carousell.sg/p/0,https://sl3-cdn.karousell.com/components/sg_certified-new-serp_dwebx4-lux.jpg,https://sl3-cdn.karousell.com/components/sg_certified-new-serp_dwebx4-lux.jpg,,2026-09-10 09:49:09
1452701621,Omega speedmaster date panda dial,omega speedmaster,"S$4,588",4588.0,Like new,20.0,2026-08-31 14:32:46,watch_fans,J,https://www.carousell.sg/u/watch_fans/,https://www.carousell.sg/p/1452701621,https://media.karousell.com/media/photos/products/2026/7/30/omega_speedmaster_date_panda_d_1785372425_9b5de762_progressive_thumbnail.jpg,https://media.karousell.com/media/photos/products/2026/7/30/omega_speedmaster_date_panda_d_1785372425_9b5de762_progressive_thumbnail.jpg,"Rare Omega speedmaster date 40mm
Local Singapore dated warranty card 
Dated Jan 2013
No box ",2026-09-10 09:49:09
1458741490,"Brand New 2026/03 Omega Speedmaster - 310.32.42.50.02.001 Snoopy ""Silver Snoopy Award""",omega speedmaster,"S$18,550",18550.0,Brand new,6.0,2026-08-31 06:31:16,watch_playboy,Watch Playboy,https://www.carousell.sg/u/watch_playboy/,https://www.carousell.sg/p/1458741490,https://media.karousell.com/media/photos/products/2026/8/31/brand_new_202603_omega_speedma_1788157875_403e667d_progressive_thumbnail,https://media.karousell.com/media/photos/products/2026/8/31/brand_new_202603_omega_speedma_1788157875_403e667d_progressive_thumbnail,"Brand: Omega 
Model: 310.32.42.50.02.001 Omega Speedmaster
Condition: Brand New
Dial: Silver & Blue
Case Diameter: 42 mm
Material: Stainless Steel
Original box: Yes
Original cert/papers: Yes 
Dated: 2026/03
Warranty: 5 Years International Warranty from Original Date of Purchase from OMEGA

━━━━━━━━⊱⋆⊰━━━━━━━━

📍  Shop Location:
1 Park Road, #02-109 People's Park Complex, Singapore 059108                         

🕚  Operating Hours: 
Sunday - Friday | 11:00 AM – 7:00 PM 

🌐  Visit our ful",2026-09-10 09:49:09
1458692675,"Omega Speedmaster Rattrapante With Rare Blue Dial, 3540.80 Omega Speedmaster Rattrapante With Rare Blue Dial, 3540.80",omega speedmaster,"S$4,380",4380.0,Well used,6.0,2026-08-31 00:53:15,internationalluxurysg,International Luxury,https://www.carousell.sg/u/internationalluxurysg/,https://www.carousell.sg/p/1458692675,https://media.karousell.com/media/photos/products/2026/8/31/omega_1788137595_2a989151_progressive_thumbnail.jpg,https://media.karousell.com/media/photos/products/2026/8/31/omega_1788137595_2a989151_progressive_thumbnail.jpg,"Watch Details:
•Watch only with 2020 service invoice from Omega.

Welcome certain trades.
Please offer what you've got.

Shop-based, by appointment only. 
14 Scotts Road, Far East Plaza, #04-111
Contact 9685 8955 to arrange

Payment mode accepted:
•Paynow
•Local SG Credit cards + 2.8%

Follow us @: 
1. Tele-gram: International Luxury
2. Website: www.internationalluxury.sg
",2026-09-10 09:49:09
1458646936,"Omega Speedmaster Snoopy
AUG 2026 BNIB set",omega speedmaster,"S$18,500",18500.0,Brand new,9.0,2026-08-30 14:19:10,ghostku,,https://www.carousell.sg/u/ghostku/,https://www.carousell.sg/p/1458646936,https://media.karousell.com/media/photos/products/2026/8/30/omega_speedmaster_snoopy_aug_2_1788099549_50acc172_progressive_thumbnail.jpg,https://media.karousell.com/media/photos/products/2026/8/30/omega_speedmaster_snoopy_aug_2_1788099549_50acc172_progressive_thumbnail.jpg,"Brand new set, collected from local AD late August 2026.

Brand: Omega Model: 310.32.42.50.02.001
Case Diameter: 42mm
Original Box and Cert
International Warranty till Aug 2031",2026-09-10 09:49:09
1458384189,Mint Omega Speedmaster Pilot Bracelet 332.10.41.51.01.002 Black Dial A8426 Jan 2026,omega speedmaster,"S$9,900",9900.0,Lightly used,7.0,2026-08-29 08:30:10,watchbooksg,Watchbook Singapore,https://www.carousell.sg/u/watchbooksg/,https://www.carousell.sg/p/1458384189,https://media.karousell.com/media/photos/products/2026/9/7/mint_omega_speedmaster_pilot_b_1788769990_7e20f5cf_progressive_thumbnail,https://media.karousell.com/media/photos/products/2026/9/7/mint_omega_speedmaster_pilot_b_1788769990_7e20f5cf_progressive_thumbnail,"Watchbook Swiss-Standard Certified: Professional Authentication You Can Trust

Every watch undergoes systematic 60-point verification by Swiss-trained watchmakers at our in-house Watchbook Service Centre. We verify all checkpoints—movement, dial, case, bracelet, crown, bezel—using professional horological equipment to Swiss-grade standards. Complete accountability. 

Mint Omega Speedmaster Pilot Bracelet 332.10.41.51.01.002 Black Dial A8426 Jan 2026
Price: $9,900

- Brand: Omega
- Model: 332.10.41.51.01.002",2026-09-10 09:49:09
1458274870,Omega Speedmaster CK2998 Chronograph Watch,omega speedmaster,"S$8,750",8750.0,Like new,17.0,2026-08-28 18:25:59,battosai.h,,https://www.carousell.sg/u/battosai.h/,https://www.carousell.sg/p/1458274870,https://media.karousell.com/media/photos/products/2026/8/28/omega_speedmaster_ck2998_chron_1787941559_cc928fcc_progressive_thumbnail.jpg,https://media.karousell.com/media/photos/products/2026/8/28/omega_speedmaster_ck2998_chron_1787941559_cc928fcc_progressive_thumbnail.jpg,"Omega Speedmaster CK2998 chronograph

Sept 2017
Comes with full set (box and warranty)

Comes with original blue leather strap

Condition: 9.5/10

Ideal for collectors and watch enthusiasts",2026-09-10 09:49:09
1458240226,Omega Speedmaster Reduced,omega speedmaster,"S$3,000",3000.0,Well used,46.0,2026-08-28 14:44:54,oakandwalnut,,https://www.carousell.sg/u/oakandwalnut/,https://www.carousell.sg/p/1458240226,https://media.karousell.com/media/photos/products/2026/8/28/omega_speedmaster_reduced_1787928293_b5517fdc_progressive_thumbnail.jpg,https://media.karousell.com/media/photos/products/2026/8/28/omega_speedmaster_reduced_1787928293_b5517fdc_progressive_thumbnail.jpg,"Watch with original metal bracelet. 
Still in great condition and nice patina. 
Great look. ",2026-09-10 09:49:09
1458200221,Sep 2024 Full Set 42mm Omega Speedmaster Professional Moonwatch 310.30.42.50.04.001 Manual Winding,omega speedmaster,"S$9,288",9288.0,Lightly used,17.0,2026-08-28 11:08:46,watchdistrict,Watch District Singapore,https://www.carousell.sg/u/watchdistrict/,https://www.carousell.sg/p/1458200221,https://media.karousell.com/media/photos/products/2026/8/28/sep_2024_full_set_42mm_omega_s_1787915326_70d00dde_progressive_thumbnail.jpg,https://media.karousell.com/media/photos/products/2026/8/28/sep_2024_full_set_42mm_omega_s_1787915326_70d00dde_progressive_thumbnail.jpg,"🕘 WATCH DISTRICT UPDATE 🕘
Join us for latest stocks update: 
https://watchdistrict.store/tg

Omega Speedmaster Professional Moonwatch 310.30.42.50.04.001 Manual Winding
Price: SGD $9,288

Watch Reference: 42mm Omega Speedmaster Professional Moonwatch 310.30.42.50.04.001
WD Stock Number: LPC1435
Dial Type / Colour: White Dial
Series / Year: September 2024
Condition: Lightly Used
Warranty: International 5 Years Omega Warranty till Sep 2029 
Stock Location: Lucky Plaza B1-01
Remarks: Full set with Double Box, ",2026-09-10 09:49:09
